,0,1,2
0,2.461182544926969,1.8900852819703629,1.0
1,-0.10590037469122393,0.5628622643481263,0.0
2,0.20356596958483242,0.923207997750427,0.0
3,2.5702583882629995,1.9796170541971345,1.0
4,2.256365745942435,1.940317858161853,1.0
5,3.563259929865414,2.0905159172503907,1.0
6,2.7563875689863986,2.298158848860546,1.0
7,1.1669748946804366,0.9012798664154245,0.0
8,2.2278658763353847,2.0586109750424018,1.0
9,1.210257149851537,1.6739183116321892,0.0
10,1.2189338009775816,0.9393389472195195,0.0
11,2.373743930239197,1.230103823230691,0.0
12,0.40180159444736596,0.874235982079241,0.0
13,1.1988978575778317,0.7517263805473525,0.0
14,1.3682530467647895,0.9544757908881347,0.0
15,2.9754570766147266,2.190255791877668,1.0
16,2.6449199128614516,2.231670072606507,1.0
17,2.2837904665583806,1.8665575135293935,1.0
18,2.684916912651709,2.222943837316413,1.0
19,2.1561959481302178,2.112768668638132,1.0
20,3.398093044970474,2.441819750249602,1.0
21,1.7599847216694222,2.1940661444439162,1.0
22,1.811121562343784,2.2197717904556757,1.0
23,1.5768156130313264,1.273746294410663,0.0
24,1.7684384050546438,2.1197107714755754,1.0
25,3.827127790090331,2.331544617703149,1.0
26,4.106871761077337,2.482810799590502,1.0
27,1.1312436710837288,1.1143803372669125,0.0
28,2.5345227244596575,2.465111176674954,1.0
29,3.901742886613044,1.7521858291986239,1.0
30,1.5105804143799548,0.9962058694203313,0.0
31,2.379398076723938,2.217991040466323,1.0
32,3.556526404569148,2.1259801277697283,1.0
33,2.910859626629323,2.19369136055836,1.0
34,2.5105397632021758,2.0129860257299534,1.0
35,1.8279165982205814,1.8358487967932504,1.0
36,1.7483396008131975,1.1420356802820446,0.0
37,3.092607830022816,2.3676201693482533,1.0
38,1.675153406273635,1.266796300488347,0.0
39,3.064391599909107,1.9744250026083707,1.0
40,1.2035090832741193,1.1384668279332297,0.0
41,0.3241234962413897,0.6930005736402961,0.0
42,2.3910441419929933,2.104108492206942,1.0
43,1.2181195835333376,0.9082578437648097,0.0
44,1.8535741172165012,1.1640839672229308,0.0
45,1.9412969086016711,2.053440459576114,1.0
46,2.1501297373864743,1.2696720779039072,0.0
47,2.3786318901233634,2.119155348491992,1.0
48,2.6711237795400473,2.3324435067748643,1.0
49,2.126196938983265,1.232058248250917,0.0
50,0.0355950150843406,0.8590014992231234,0.0
51,0.8187826929395335,0.9346320901886249,0.0
52,4.079364303199027,2.3446306874749223,1.0
53,1.7070794320427902,1.3989622009678506,0.0
54,1.5007824928754212,1.5918842361289824,0.0
55,2.4695439619025605,1.9040327777811075,1.0
56,-0.10424735884729075,0.9971601629156601,0.0
57,3.510950720837827,2.363446163856553,1.0
58,-0.23866658400069407,0.9006032218025406,0.0
59,3.6851912374120377,2.2139486127938066,1.0
60,1.1071668338316116,0.7836286294054979,0.0
61,0.5461781787465858,0.354595442676807,0.0
62,2.5588001704363155,2.102720807049427,1.0
63,2.2467326061722592,1.8234212159075658,1.0
64,1.4706073229911094,1.272190009930761,0.0
65,1.566367111320404,1.245120183361117,0.0
66,-0.4004191537195776,0.6384117598541108,0.0
67,0.6967595282919171,0.9222588161862353,0.0
68,2.0009124506891656,1.583879384948777,1.0
69,1.6584612843041675,1.2482903765443887,0.0
70,0.9304327075640546,1.0559124956038421,0.0
71,2.6691200580124015,2.2432030609415383,1.0
72,2.2095522831134207,1.3394320949593426,0.0
73,2.928242112782852,2.4523274400926134,1.0
74,1.1024728452002022,0.931057203084781,0.0
75,0.7234864740866462,1.0073522520477867,0.0
76,1.6416367456353058,1.5165621633468873,1.0
77,0.3551653952321896,1.062892405424218,0.0
78,0.9331053616619913,1.0320096249078388,0.0
79,2.6468973128056903,2.4088576607575525,1.0
80,3.7584415050610525,2.224587444171502,1.0
81,2.2194589243806475,2.0597849289414674,1.0
82,1.145258173013862,0.7554703226923946,0.0
83,1.96147124546071,1.4820451938394046,1.0
84,0.8768037773597539,1.3997713483823555,1.0
85,0.10352533604978409,0.7189075998514373,0.0
86,2.5464815512730055,2.510000353085442,1.0
87,0.24650621270100503,0.9095970230275324,0.0
88,3.052754514564058,2.2469809512539896,1.0
89,2.8782466580530333,1.8300518447156295,1.0
90,2.8250109301544497,2.4138948830949682,1.0
91,1.8744243202982211,2.0104662301228178,1.0
92,2.626722274153654,2.0583019250392303,1.0
93,3.4506770658198325,2.7067450120701886,1.0
94,2.4052694558305263,0.9724080275648779,0.0
95,3.5579478052190017,2.4735830220581203,1.0
96,1.6292099493930636,1.4541689251202274,0.0
97,2.300629005486843,1.1905947076177947,0.0
98,1.622048706179786,1.2953834720206743,0.0
99,2.0801023465432205,1.9934515287006254,1.0
100,2.8449875087698575,2.2375235696806013,1.0
101,2.0060081725473036,2.3709551328097285,1.0
102,2.805631801853642,2.0573052000107577,1.0
103,0.8530108386227433,1.010707253475866,0.0
104,0.7590717534048571,0.7519887082950674,0.0
105,0.7512694393752084,0.8599793736202443,0.0
106,1.3113156355367357,1.3184206110167924,0.0
107,1.3604631189833034,1.0820746341528489,0.0
108,0.22763251670561535,0.7967960641397487,0.0
109,-0.17394408074918166,0.8161223104878239,0.0
110,1.981419644667796,2.027740931648184,1.0
111,0.47905071244598196,0.8227546126778584,0.0
112,1.24663164150948,0.7920890480778471,0.0
113,2.989089097218604,2.2260630515100166,1.0
114,3.4098174148294285,2.367022679791808,1.0
115,1.7274845872783975,1.318815820272306,0.0
116,1.2542026554255221,1.218544863840849,0.0
117,0.7896444592195562,0.9629085971928927,0.0
118,2.8855526600089183,2.4326086764159136,1.0
119,2.0986942310358914,2.0415648203359917,1.0
120,1.7754233744261385,1.3087115974824406,0.0
121,1.5438809115351977,0.9518596101970624,0.0
122,2.2160062755480023,2.1508472307589312,1.0
123,3.4211644089357414,1.9524754641652056,1.0
124,4.038829694579809,2.806492420155174,1.0
125,0.3697336496170932,0.904445045486883,0.0
126,1.0016144971937035,0.9517034385688558,0.0
127,1.611686211303993,2.0337758067395955,1.0
128,2.03962530902177,2.1519775108310335,1.0
129,0.7663223014712935,1.1515420451021265,0.0
130,0.9602921881601245,0.9503567509966695,0.0
131,1.2893971202495043,1.7236940589081564,1.0
132,0.8278543587460774,1.0119423945725607,0.0
133,3.029377656016039,2.107752091112976,1.0
134,2.9369333405529296,2.4296069052681144,1.0
135,2.3819177261492634,2.5796330932113483,1.0
136,2.604319508415295,2.160247826012715,1.0
137,0.1779158217637864,0.725510911744681,0.0
138,-0.030467684010221152,0.9786868450446935,0.0
139,1.685440690074861,0.9828496613776058,0.0
140,2.3793939962308865,1.9417641235115997,1.0
141,0.8399140074783505,1.3667283508325678,0.0
142,1.796726156862377,0.8668719279838013,0.0
143,2.4783797969753545,2.2254717061296185,1.0
144,2.5473368978691138,1.9345245865108658,1.0
145,2.5013406901117228,2.0930056668170414,1.0
146,1.4462250830643404,1.0142495334300854,0.0
147,2.688643625689316,1.8008854213986347,1.0
148,-1.2809692556086598,0.8993968264983877,0.0
149,2.320479705553988,2.243365612316758,1.0
150,0.40467691843647424,0.6959634685478885,0.0
151,0.6464351375807043,0.801769715147012,0.0
152,2.4180170187596985,2.062144271818236,1.0
153,1.7306148696121202,1.9930223228877242,1.0
154,2.3042135088579543,2.058327182161843,1.0
155,2.078895366348182,2.1435300174236755,1.0
156,-0.12936057140698254,0.7942268351044726,0.0
157,2.1099563738567246,2.505881434681852,1.0
158,1.404269842155513,1.3348076927994477,0.0
159,0.9383863679099168,0.977776855183446,0.0
160,1.2466757134055952,0.9366949592402398,0.0
161,1.1946297103322234,1.1641454546295338,0.0
162,3.913610155673842,2.4425671670268474,1.0
163,0.613623573764529,0.7792581522048144,0.0
164,0.14857165805728656,0.797810962279996,0.0
165,-0.33675799197217526,0.6190653586595611,0.0
166,3.1965529741125303,2.359701617064479,1.0
167,1.3163007292982976,1.3375369054460915,0.0
168,0.8497897944324053,1.8558532675228956,1.0
169,0.41521393819062247,0.8673587731061876,0.0
170,0.4263142297374808,1.1228644330109332,0.0
171,1.9699080560957092,1.3235125199081614,0.0
172,2.7921623708302743,2.025212592321554,1.0
173,1.4685722630867284,1.1994454470384872,1.0
174,2.7152978428623853,1.8234642654343112,1.0
175,1.3653996813176277,1.0747994092776145,0.0
176,2.1164180877368644,1.945875107395409,1.0
177,0.3143933654522606,0.5402754589063452,0.0
178,1.9192500314947316,1.9923889143169322,1.0
179,1.5571979276809913,1.9424171908302634,1.0
180,0.2600967794838579,0.9698844337667977,0.0
181,2.4384152112071478,1.9087495516546606,1.0
182,1.6300099611854026,1.8224596885227793,1.0
183,0.36611898467302584,1.4523471041198648,0.0
184,1.1186360288432182,1.0077122375661423,0.0
185,2.0876888337877872,1.2536655557035956,0.0
186,1.9971099216590398,1.344101459644952,0.0
187,2.0327885085816115,1.8789605545201442,1.0
188,-0.2956708931220984,0.7785476741971943,0.0
189,2.069300357266906,2.2939426042532296,1.0
190,1.3110531325331591,1.0909186304949663,0.0
191,1.127439248822134,0.8202739128935144,0.0
192,2.7753543348217806,2.0000028111969117,1.0
193,3.424758596286115,1.9953626604987613,1.0
194,2.642849451926336,1.880600948634787,1.0
195,3.3734619994393973,1.8070507230992576,1.0
196,2.0429568945793637,1.4297059638993466,0.0
197,2.036914795164667,1.6781630635117954,1.0
198,3.0220152047334423,2.3937458811187824,1.0
199,1.9543233017302426,0.95054285786239,0.0
200,-0.08321959172773852,0.23140862830120157,0.0
201,3.175072153601093,1.855794912343613,1.0
202,1.765258446567999,0.9432487815995587,0.0
203,3.0433715121080263,2.1872623270547566,1.0
204,-0.014977662631503463,0.8949246214628166,0.0
205,1.0986387123517454,1.1330872143485193,0.0
206,-0.02220490457466351,0.4553287680306224,0.0
207,2.7044277153249365,2.3846791955437916,1.0
208,1.7083158480804115,1.6040969294815859,1.0
209,2.3161116221400033,2.0415603725386595,1.0
210,2.54007537186716,2.3168470272186963,1.0
211,4.059637666279122,2.4370691186280977,1.0
212,1.3001553959436172,0.734824547259664,0.0
213,1.277961514987869,1.1563226560174134,0.0
214,-0.06374330007258,0.9977735219794551,0.0
215,1.191496846130906,0.8375062514063529,0.0
216,0.9351486027746082,1.066937164883701,0.0
217,1.0436496822690378,1.0252917149992014,0.0
218,3.025118732991459,1.977662141283616,1.0
219,0.33707701760230524,0.8229837675175254,0.0
220,0.8002172430083058,1.149297322483972,0.0
221,2.473001421007342,2.0366758959646805,1.0
222,1.402780489028721,0.9889668625979793,0.0
223,0.9563818232956889,1.1743183254503984,0.0
224,1.9505656720249167,1.3250538095514246,0.0
225,3.77925924218168,2.400647346305293,1.0
226,2.0252366602691403,1.6005652539192223,1.0
227,1.7449507145652725,1.3579561578236603,0.0
228,2.9164637219431615,1.5030805198211534,0.0
229,2.9544323351389576,1.75248552800866,1.0
230,1.0284760117112826,1.1965897436468702,0.0
231,3.9702336398421325,2.4515565227212313,1.0
232,2.254476745522686,2.297501845234529,1.0
233,3.2094068699361844,2.171982010982938,1.0
234,1.4037326450878722,1.1202849220323308,0.0
235,-0.717138777955082,0.5202710341849931,0.0
236,2.579587419432017,2.0873169994473746,1.0
237,2.8188171569706317,2.0451587375564375,1.0
238,1.4079114332419784,1.134870233308535,0.0
239,2.122241100335122,1.868278199192057,1.0
240,0.993884611088675,2.0113777871430236,1.0
241,2.5903860747245107,2.0199659348117045,1.0
242,2.073759540880941,1.2299852213911788,0.0
243,3.797915670738329,2.340432513961672,1.0
244,2.541786742400489,2.3818407356173283,1.0
245,0.9406380010660386,0.6641811432838536,0.0
246,0.917066922601782,1.0680415836476245,0.0
247,3.477017946804416,2.008686685966386,1.0
248,0.5230848031344482,1.4095852363757524,0.0
249,2.5690148387910625,1.7666579377321767,1.0
250,1.709428703570742,0.9360440506228624,0.0
251,3.222890484480094,2.0492092532734416,1.0
252,0.6879183099014203,1.0067832108420989,0.0
253,1.5486299131309043,1.0408730507044597,0.0
254,0.7256205955266622,0.8339614316189441,0.0
255,-0.17967704874544443,0.7778942181800389,0.0
256,0.24812415478411587,0.7357520932612078,0.0
257,3.3104673655436985,2.132347115672544,1.0
258,1.1809542743560655,1.3539350082464785,0.0
259,0.17258473118152262,0.5597484374242139,0.0
260,2.925408794304026,2.0649709661867046,1.0
261,0.498131969574217,0.8955684617671364,0.0
262,1.8853570170938636,0.9972155746584205,0.0
263,1.339271596016786,1.0302334069788301,0.0
264,2.5168063384903165,2.0162940591885707,1.0
265,1.5924066353338255,1.6860361819977696,1.0
266,2.135841390578099,1.6236337772428304,1.0
267,2.6686695440349903,2.132324705975941,1.0
268,1.0994193501164358,1.0001580829164771,0.0
269,0.9780973630747843,1.3289766538982204,0.0
270,1.2991051404651492,2.049902932676635,1.0
271,3.565135476634053,2.363431846541579,1.0
272,1.2761129281639347,0.5279559807053286,0.0
273,1.174949506511504,0.7625147978558525,0.0
274,2.541338996433126,1.2408085362172017,0.0
275,2.894637790692846,1.7651095618255388,1.0
276,1.2303015720569226,1.2026480386659804,0.0
277,1.3859500028719407,0.8012606173335304,0.0
278,1.356109651050191,1.1800318913208614,0.0
279,1.7051106425402476,1.8243017741156833,1.0
280,0.8477001287515795,1.088283863013807,0.0
281,0.4672780309482224,0.9557792757211246,0.0
282,1.3538193435104284,1.1034799386863008,0.0
283,2.6049132106947357,2.1069206084177248,1.0
284,1.3570477897017859,1.0307611213665375,0.0
285,1.77541496023137,1.0852728369066789,0.0
286,1.6799501433529038,0.5613511349441151,0.0
287,2.1918034859811772,1.8054109895558415,1.0
288,3.2512163295544574,2.3106214003476424,1.0
289,1.2044449596228735,1.0457854683069305,0.0
290,1.0347363295084133,0.8763656613169443,0.0
291,2.9577793296296417,2.080061076634118,1.0
292,1.0699439496311542,0.6865659847893979,0.0
293,2.9432128062759433,1.8643237353074773,1.0
294,3.3900581253071778,2.1368406780272626,1.0
295,0.9744816540695805,1.1068496325572756,0.0
296,1.3987143136136306,1.0144196561654295,0.0
297,3.548576874507721,1.9901880103639664,1.0
298,1.759800045226341,2.1537370169352092,1.0
299,-0.29206659131672286,0.6740507574184389,0.0
300,0.7899935282247559,0.8705755040521369,0.0
301,1.5855719589249861,1.901929830876504,1.0
302,1.5366760205455834,1.4980594865773316,1.0
303,-0.10192198104264127,0.8880033157197231,0.0
304,0.9811007681639163,0.9095225261254273,0.0
305,1.539113826931981,1.1873195290791527,0.0
306,2.840020655752525,2.383404267995093,1.0
307,1.7572919136234133,1.0071079499291677,0.0
308,2.4014147732811786,2.4307808677966753,1.0
309,3.41504882123584,2.2428802751907644,1.0
310,0.23650093973339337,0.9619428878988736,0.0
311,1.982336705892757,1.7505820185551872,1.0
312,1.0933592218394481,1.2512463690645945,0.0
313,3.4913029153811803,2.238217233222247,1.0
314,1.3594277902248613,0.8341548223421983,0.0
315,2.0887647709614128,1.8330493647675896,1.0
316,1.7030299426376618,1.3404824411045506,0.0
317,2.782329755252394,2.13311481464111,1.0
318,3.1825010236246154,1.9357968538971595,1.0
319,0.45593532341455467,0.8254385431988889,0.0
320,2.3321391955164295,2.059682131584571,1.0
321,2.6618402951059528,2.2807018048015104,1.0
322,2.2371991601473047,1.8443107379919499,1.0
323,0.43686774867770783,0.8105252314365614,0.0
324,3.314858496531479,1.9230149789790065,1.0
325,3.0451192912791014,2.0648508447540244,1.0
326,1.9494523125747876,2.162206661212965,1.0
327,1.6644732317648816,1.1388575212058483,0.0
328,0.1988016760454645,0.7612484669575544,0.0
329,1.0215422652994688,1.2156916773272806,0.0
330,3.171581981683277,2.142309087304431,1.0
331,1.13130471185207,0.9087923073216067,0.0
332,3.143352789041474,2.043898052373675,1.0
333,2.3147046293518976,1.713326828078936,1.0
334,2.1922735568578062,2.1464518489458233,1.0
335,3.164748532467015,2.1753052210927453,1.0
336,3.1836120434521606,1.9747817462920438,1.0
337,3.2563433241702673,2.560619731815644,1.0
338,5.761487246669235,2.614233139025268,1.0
339,-0.44910366776605537,0.4779582010185631,0.0
340,0.28031214485687606,1.0592437461470998,0.0
341,3.63366642353258,2.5237474178559696,1.0
342,0.8907367415759723,1.1496812040075985,0.0
343,0.6661888143264053,1.2571913685249392,0.0
344,3.0019739293790613,1.9342719636383612,1.0
345,1.7397658617994796,1.4869085970179525,0.0
346,0.6166246319338542,0.5453439993170992,0.0
347,0.8320970219089223,0.873899592497251,0.0
348,1.4898494580188115,1.105017861153625,0.0
349,1.938705409940812,2.171616118304095,1.0
350,0.49432225856916845,1.26921337575329,0.0
351,2.2110996274075503,1.1894809711909686,0.0
352,1.0680349095983503,1.4417008348086076,0.0
353,1.8320546077522337,1.1457010577215583,0.0
354,0.4818518604084103,0.6764236573771819,0.0
355,1.5779489087217669,1.1035327382275482,0.0
356,3.774695677690234,2.0497842932754717,1.0
357,0.6879101102747205,1.3354629196250518,0.0
358,2.5618287540321485,2.376942138346181,1.0
359,2.4133936931450157,2.189308217022263,1.0
360,2.8970986965379617,2.0544166471829812,1.0
361,1.8774406843562046,1.1303603543175404,0.0
362,2.670635665243651,1.977844888995872,1.0
363,4.230889886012807,2.351643078809146,1.0
364,2.9669639625597855,1.974377475912013,1.0
365,0.12108301866244531,1.0244486152633132,0.0
366,2.454754236891722,2.142747813551016,1.0
367,0.9333636703663175,0.5170188020563263,0.0
368,1.5299883981593507,1.6797274479718052,1.0
369,2.4879327163383085,1.9558205086676632,1.0
370,0.5176424105363164,0.9946837882089212,0.0
371,1.2584327192274696,1.705957320946669,1.0
372,1.131304091416613,0.5019368250554808,0.0
373,2.1915538301123743,2.0308355959791786,1.0
374,-0.304916092886067,0.6385944405995746,0.0
375,0.5446189292269763,0.6839102847723428,0.0
376,3.6420287575956514,2.267366818636148,1.0
377,3.822653376437617,2.4799150956045466,1.0
378,1.441783649849688,2.017369047446106,1.0
379,2.2328567352688187,1.8309830254389432,1.0
380,2.163886810830085,1.6476252252617778,0.0
381,0.5108877186961026,0.8446709397220747,0.0
382,3.2609348349163,2.344439207375487,1.0
383,2.8283606458979604,1.894811092402167,1.0
384,2.9568251975005135,1.8946667815717864,1.0
385,0.7444144943866794,1.1182097688844,0.0
386,1.4919447899769338,1.1885544584607084,0.0
387,0.729413705258533,1.088655739205245,0.0
388,0.5387146847535162,0.5594309489671719,0.0
389,3.7240437345435895,2.243712591294554,1.0
390,1.0776861740813508,1.165833858459498,0.0
391,1.9885825233055994,1.6814421129286754,1.0
392,2.9920431966670704,2.2355018227792756,1.0
393,3.2019545085098424,1.8996374062383232,1.0
394,2.1031902999098815,1.6312363517808457,1.0
395,0.9582421011772516,0.9411767804427399,0.0
396,1.2659103981489805,1.4453118293117508,0.0
397,2.401043450616661,1.847654270052273,1.0
398,1.607942596086987,0.8565374189305428,0.0
399,2.394122788636428,1.8785656512994926,1.0
400,2.8350404061790684,1.986589841848704,1.0
401,3.536883259796343,2.509019745710532,1.0
402,1.7218877574844171,0.8666084360660203,0.0
403,0.25118922680775013,0.6450383326272764,0.0
404,2.4986675716464353,1.9052614466506295,1.0
405,1.4862685324512857,0.80799255171933,0.0
406,2.7906335033240466,2.314808701558947,1.0
407,1.8483323212067282,1.6178061115588191,0.0
408,0.8259223555129346,1.439278193249333,0.0
409,0.7244502591877966,1.038920800004242,0.0
410,2.8787357857352367,2.4238064802325576,1.0
411,-0.013054722011495379,0.8471433252135814,0.0
412,2.9083029691316145,2.0675570138142927,1.0
413,0.751808321803376,0.32111837970113954,0.0
414,2.6498198674126128,2.312356982617422,1.0
415,1.8574654216624773,1.2901374269242538,0.0
416,2.986948297817923,2.4413557034405304,1.0
417,1.3016891620790085,1.3016901729931347,0.0
418,0.2871210890566155,0.7353902137163068,0.0
419,1.2019008926855457,1.0260899494652271,0.0
420,1.8672698313845701,1.8612798982566736,1.0
421,0.759542230260309,0.9959617965033224,0.0
422,3.1437779959386263,1.7599811501225608,1.0
423,2.599646561210755,2.1334935931058103,1.0
424,0.6933072479486189,0.887430673486852,0.0
425,2.8685715533723317,2.1442500837262144,1.0
426,3.1362874304756545,2.230942774803442,1.0
427,2.1091756228282774,2.0907355220562494,1.0
428,1.0715315069149656,1.0158779185669884,0.0
429,2.6310557646090005,2.06525864423717,1.0
430,2.4262331091509908,2.275606226717028,1.0
431,2.9620158047383724,2.19764513552961,1.0
432,1.8779759719609226,1.669285592007627,1.0
433,3.0205401421219102,2.0727772652229173,1.0
434,1.4779500483157284,1.318056454038392,0.0
435,0.03870184724429471,0.9696741632673747,0.0
436,2.5176899678214024,1.9049907713316723,1.0
437,1.3705429195900383,0.9888472088971355,0.0
438,0.6778901705114952,1.0865424334576301,0.0
439,0.8536138622138969,1.3972006025240375,1.0
440,0.16780636030483176,0.5754594230575403,0.0
441,1.4018807625995007,1.3272721235743103,0.0
442,1.824016233201563,1.7803635472287467,1.0
443,0.8798473626873573,0.8368193287211354,0.0
444,0.18193819371191966,1.2176482366147816,0.0
445,1.3293329135348986,1.8012770875200554,1.0
446,1.6311622176558207,1.1805615058684187,0.0
447,1.0021299217931843,1.0196652137664362,0.0
448,2.457221569919981,1.9929990281044017,1.0
449,0.387141695941453,0.7300837368731942,0.0
450,3.191430885140796,2.046915048233453,1.0
451,0.7419912869253558,0.8561389848271089,0.0
452,0.6232036491491293,1.0061821411534313,0.0
453,1.416027852664368,0.9538588284883013,0.0
454,2.4349628688577263,1.80221205265991,1.0
455,0.6773352126590972,0.9660537820689673,0.0
456,1.6259139495739785,1.0962481616285726,0.0
457,2.4907369741506353,1.725142756047397,1.0
458,3.7462230232596148,2.241504076019876,1.0
459,4.405051795373077,2.4382293843908043,1.0
460,2.8156465800365975,2.2769430689823706,1.0
461,1.6199084637990193,1.9274651588523568,1.0
462,0.7951889586362768,1.2801609264088722,0.0
463,1.051618391089399,1.1342581725733523,0.0
464,2.8846065239395373,1.8638230594285805,1.0
465,2.7701211420453116,2.3220360173439043,1.0
466,0.6201250012957072,0.8581771484206768,0.0
467,2.5120444631927037,1.9917301744746507,1.0
468,-0.5575162194490133,0.49641668966067287,0.0
469,0.19942277592272006,0.66858442371666,0.0
470,1.1881755721676435,1.3112127122836341,0.0
471,0.6208092874747226,0.5054790583025398,0.0
472,1.8566413578218672,2.287794165328572,1.0
473,-0.4473035371635501,0.8747824226113076,0.0
474,2.690814146744005,2.080881711745222,1.0
475,0.2827360680440505,0.5479311588984197,0.0
476,2.481125155448849,2.232417687853526,1.0
477,3.318848282072361,2.1966710977720245,1.0
478,1.1357912857664707,2.1037299806352365,1.0
479,0.7826488080474564,0.9734861039484514,0.0
480,2.304386615484969,2.2096383334552687,1.0
481,2.509617590357707,1.9140993715342707,1.0
482,0.7068855470943172,0.9543218174998954,0.0
483,1.0156957317068214,1.1116791709382197,0.0
484,1.6634883334292325,1.2897444391711448,0.0
485,2.404288983416933,1.7944602180781593,1.0
486,1.3235712680360765,0.7140734020390009,0.0
487,3.120800222939079,1.899138232050725,1.0
488,2.7024794305434083,2.1547724421309895,1.0
489,0.637512168179259,0.9651694756554101,0.0
490,0.9748329400337726,0.9644718975260071,0.0
491,3.032629849110665,2.0110894546969185,1.0
492,3.823306084770662,2.507649356095313,1.0
493,0.8618728472767515,1.1268612165527991,0.0
494,3.6843643703433973,1.9042454524032097,1.0
495,0.21275313909049343,0.6423034402197143,0.0
496,1.0502644322581731,0.822311843675664,0.0
497,3.535761433111118,2.451423150513194,1.0
498,1.487140209360314,1.2152525209655831,0.0
499,3.6549293216852248,2.273439991133708,1.0
500,1.1143227797442448,1.084060451359738,0.0
501,0.7462962019159427,0.5147220068414535,0.0
502,0.3440660910427854,0.5904411924791961,0.0
503,1.6923179817463916,2.0856698527839335,1.0
504,1.9684333259347153,2.1928552001471773,1.0
505,-0.26988839660052677,0.6758695924002671,0.0
506,1.6476781502729205,0.5947435314606364,0.0
507,0.6171626600517208,1.6374726518545994,1.0
508,2.6682736433581558,2.2655369798283216,1.0
509,3.281234403667537,2.186846818749064,1.0
510,1.0215057220582242,1.030112418061259,0.0
511,2.0924473294234174,1.9108636352794188,1.0
512,3.1145341718397797,2.14428631585876,1.0
513,2.818745032482353,2.151267685639342,1.0
514,0.7818461724637213,0.8653285222700295,0.0
515,2.0781161873827827,1.8564400280565474,1.0
516,3.278072681709194,2.064022892408674,1.0
517,1.5404345134873185,1.1785365086656956,0.0
518,0.7755035367574451,1.2240564351720478,0.0
519,1.638658710171711,1.6607036499354884,1.0
520,0.6269909901491586,1.1200589245945958,0.0
521,0.9930758469407759,1.015697656659702,0.0
522,0.4307075769094125,0.530315968248197,0.0
523,1.0610521907172978,1.0902632563292651,0.0
524,2.1654687345351906,1.7529689066918017,0.0
525,0.18503494312666602,1.0784737786597312,0.0
526,0.41179695448858233,0.7538412196423162,0.0
527,1.6571697443030606,1.5381658336934372,0.0
528,3.2015896165913658,2.4504388094534075,1.0
529,2.4635740720593176,2.3411409912509846,1.0
530,1.602079177481148,2.0804506102489837,1.0
531,2.445625569320996,2.0976423487216795,1.0
532,2.8970009368412803,2.326869893879411,1.0
533,2.910449612693604,1.576591686173131,0.0
534,1.8398580376672364,1.2150164475951666,0.0
535,2.5179084466080655,1.8267397258459284,1.0
536,1.4633332728015775,1.0572231905998613,0.0
537,2.1358124084505414,1.7678097305555893,1.0
538,0.940408187224922,0.9503178082160818,0.0
539,0.798663427437374,1.3879306624900463,0.0
540,2.574934414012538,1.257387899559787,0.0
541,0.471216309666018,1.1885617178958647,0.0
542,2.353627183134314,1.8524094482504012,1.0
543,3.085498541257678,2.0110661726688264,1.0
544,2.6601930590137575,1.9939014589632502,1.0
545,0.024158915538091574,0.8368420635953753,0.0
546,1.1034138788751224,1.2832635168613233,0.0
547,3.7594738336175837,2.4578023250428807,1.0
548,2.8459617355230944,1.8777530947717491,1.0
549,0.749485404244936,1.0030096376872175,0.0
550,3.355961764256606,2.310996456699918,1.0
551,1.7139529048786097,0.9770153511371794,0.0
552,1.3304717875186929,1.1196362988727813,0.0
553,1.23049235738849,1.3263531215142512,0.0
554,0.8446215008164093,1.1805094849284576,0.0
555,1.2360612189980889,1.1041852646839154,0.0
556,3.3934555399845925,2.3228836692572563,1.0
557,0.6703587866843959,1.3255688477718777,0.0
558,1.8615412501817405,1.8102580312089958,1.0
559,1.4960285822243449,1.164905627645412,0.0
560,0.3696567225537649,0.6903289668363877,0.0
561,0.8136557845258848,0.83707891243849,0.0
562,2.076765568607926,2.0285102905369854,1.0
563,1.1239411981211307,0.9361337283451028,0.0
564,3.5254172186876716,2.634393949979809,1.0
565,2.520813766821437,1.865742918819497,1.0
566,0.35228208761242696,0.9898203751384187,0.0
567,3.059549089293494,2.046733735025252,1.0
568,0.542753093529798,0.7386540923051138,0.0
569,3.1643124025147524,2.068056190271297,1.0
570,1.3804625148175107,1.1093237601556896,0.0
571,1.5764736208049777,1.2412076669993815,0.0
572,1.8525577342194401,1.9045397395698953,1.0
573,0.2614068253811417,1.177060477414039,0.0
574,3.177150481104511,2.2750870907381016,1.0
575,3.5059779601184426,1.8140632580259322,1.0
576,1.5522031333669504,1.5340411334570145,1.0
577,2.1228902137922345,1.9311224264326912,1.0
578,1.0433066811733789,1.1416013631516075,0.0
579,1.9594530291626593,1.9165969298888426,1.0
580,2.047834531046799,1.5874817183178402,0.0
581,1.95149188565863,1.0269562265358465,0.0
582,0.6619085296752316,0.5715918236903531,0.0
583,2.1902102585925345,1.9389172709403957,1.0
584,0.11976038764376074,0.5161581877696468,0.0
585,3.253512023250752,1.9005924081758245,1.0
586,2.299980560383881,2.0002233655905357,1.0
587,2.32594049882671,2.0407398662738196,1.0
588,2.4466271575984835,2.0400011077881857,1.0
589,2.8227248363745896,2.236766655161385,1.0
590,1.4965881781380783,1.0942646896286168,0.0
591,0.6478748196300058,0.862772551930181,0.0
592,1.0862449456789707,0.6769443301462713,0.0
593,0.502018205534367,0.9636024435229227,0.0
594,1.996778021703081,0.8743929725834017,0.0
595,3.4167660163525975,2.195614167908984,1.0
596,1.8325647106755225,2.1444391307996096,1.0
597,0.42764030772817985,0.9587021739074678,0.0
598,1.893454734612828,1.0522327981427804,0.0
599,2.7902726000814964,2.0013496897301586,1.0
600,0.7864460152606665,0.6374197512008053,0.0
601,2.043615045234219,2.001961182012232,1.0
602,2.6064673146951693,1.884041533078702,1.0
603,2.276661154035371,1.362549034572526,0.0
604,2.692081634276658,1.6800834476303628,1.0
605,2.957212102534382,2.351890685384572,1.0
606,0.654258260522613,0.8431989399155381,0.0
607,1.7376516879939685,1.2368222547719387,0.0
608,2.705931682272094,1.7601973724300746,1.0
609,1.412837059184358,1.2846294996671814,0.0
610,1.4240281603118619,1.1343649787543113,0.0
611,1.4636142619760313,1.1352976376204955,0.0
612,3.06772747513182,2.1185209865958243,1.0
613,2.60711329304779,1.7734615678501855,1.0
614,2.4123715615396626,2.2515650078548224,1.0
615,3.7306046200401513,2.3303300035759995,1.0
616,2.2275715037682886,2.211665089901009,1.0
617,1.8334226855767373,0.57717954567269,0.0
618,3.3936656995383947,2.7656556316395013,1.0
619,0.48406884685166984,0.7980122938223183,0.0
620,2.197880803421565,2.206191444326324,1.0
621,1.765256959585242,2.1461009180799375,1.0
622,0.9779642507484906,1.0945829294196014,0.0
623,3.0337307790894257,2.132664746887922,1.0
624,1.338082152782123,0.9898902692651281,0.0
625,1.1259095524443352,0.8281670516018603,0.0
626,3.206995213662542,2.457595686617128,1.0
627,0.2004614460448152,0.6875395191955009,0.0
628,3.32880796410248,2.2102672697687424,1.0
629,1.2165390946813068,0.8948970178068343,0.0
630,4.047248857400075,2.5041368770071704,1.0
631,2.9905778406756443,2.1165048946960714,1.0
632,0.7164704363340564,1.0820315247400738,0.0
633,1.3985289654864506,0.9320349150632985,0.0
634,3.0516088024729084,1.9431402383636731,1.0
635,1.2420338680356982,0.8242609741119862,0.0
636,0.5486530200283487,0.9531441021073118,0.0
637,1.6256702554534315,1.1850160580423417,0.0
638,2.458223283933012,2.1034689713754275,1.0
639,1.9395787600614063,1.1370546709788945,0.0
640,0.3983653740477009,1.00010209293515,0.0
641,1.9808875223097777,1.1443194040404703,0.0
642,0.10990994820624111,0.7593615480679818,0.0
643,0.5768078880684342,0.6076769948560456,0.0
644,1.3390490725820003,1.1784842879869284,0.0
645,1.1471589829875852,0.9460965732362775,0.0
646,2.8734588875014095,2.508502460624097,1.0
647,1.2999867647702341,1.1635533360854855,0.0
648,0.6059598536789101,0.5801731715516311,0.0
649,2.812274372429501,2.331928473866445,1.0
650,0.7339673261170084,0.7862733513369238,0.0
651,2.4403499765274703,1.9840389998457924,1.0
652,3.3125317160996346,2.021098815771539,1.0
653,2.5043301632742896,1.8114832879379192,1.0
654,1.2120240511711609,1.4344858131316038,0.0
655,2.5056761200408904,1.9669702810165388,1.0
656,0.9320145897384207,0.844844224796126,0.0
657,1.9680993569109804,1.9641267931296893,1.0
658,0.12290806447805436,1.2464245805284337,0.0
659,0.781539400963222,1.1269099463491399,0.0
660,1.6304457151955898,0.8637672064005687,0.0
661,1.4097347509407898,1.0085251428278652,0.0
662,3.0468886457343682,2.06633970617542,1.0
663,0.34622711515245486,0.9250298193194897,0.0
664,0.1954747752294348,1.1286207553092664,0.0
665,3.2112418923645314,2.495896451248997,1.0
666,3.1692274253566577,2.1906806956516007,1.0
667,2.588212906111328,2.0446942436039737,1.0
668,2.654260850702595,2.192789526854635,1.0
669,1.2418545314016247,1.205150478765209,0.0
670,0.8714954678857016,0.7412890931919629,0.0
671,1.4457659556130045,1.3078689206070537,0.0
672,1.2715686431567303,1.0632731919756095,0.0
673,4.72861765884886,2.2457335221193797,1.0
674,3.0289305382637988,2.1369694195280133,1.0
675,2.308706065286561,2.025625358643389,1.0
676,0.525948584034698,0.7004706670904977,0.0
677,0.7950475360212668,1.1755526525279214,0.0
678,0.6950311952769475,0.969249171669452,0.0
679,2.9500578220911464,1.8175884181760604,1.0
680,1.1653122823318571,0.7454751928035129,0.0
681,0.7899580919683827,1.0899343005579378,0.0
682,1.668284862273309,1.1319708513171833,0.0
683,1.526833255812082,1.1955678299041974,0.0
684,3.056294999483343,2.46474521501823,1.0
685,0.9834846314286704,1.0436931490540835,0.0
686,-0.027809452268808377,0.8116070740801858,0.0
687,2.256238853776613,1.818418963051355,1.0
688,0.2118806612505163,0.5622580585197261,0.0
689,0.7488948212862581,0.7888185319511491,0.0
690,0.9514880222966197,0.8523621698445248,0.0
691,1.539456484701908,1.8946979911783224,1.0
692,3.0202455106872432,1.9354680267355897,1.0
693,1.244475482407044,1.1468254688100104,0.0
694,1.4545281507891945,2.030118409973967,1.0
695,2.6101813766876223,2.339992635880465,1.0
696,2.3441727583069585,1.939716692925723,1.0
697,3.0497735107045387,1.900121691113402,1.0
698,1.2632817948491009,0.7599049728686955,0.0
699,0.45965724192291146,0.8484600449133053,0.0
700,2.6192456543635756,2.377273786162038,1.0
701,1.0607983663631182,0.9692052910610967,0.0
702,4.721568707720332,2.5647389120282647,1.0
703,0.6082171158534712,0.6743990125544211,0.0
704,0.3977583328909814,0.8480473838190068,0.0
705,3.6549380402689056,2.6653650772130306,1.0
706,3.2013213980379702,2.432749144761324,1.0
707,3.0893160537533504,2.1517097411587565,1.0
708,0.43045031221276564,0.9075998784224149,0.0
709,2.5922074323712128,2.0360907071942163,1.0
710,3.247537787947913,2.057590724320562,1.0
711,2.8140805856287887,2.3738192734756143,1.0
712,1.1035514453505288,0.8522205794553692,0.0
713,1.7020267230905688,1.7859485887242346,1.0
714,2.6395401812218653,2.3795191085825564,1.0
715,2.5423901197702574,1.9787540921839393,1.0
716,2.783264836254037,2.1004509477810633,1.0
717,1.1709709793743703,1.1112147529355338,0.0
718,3.079992631638305,2.149884087584277,1.0
719,2.3307141518380385,1.556689353292485,1.0
720,1.3556123905986777,0.7497716223633434,0.0
721,2.0629406114838225,2.35698862681611,1.0
722,2.7164192343190403,2.255680716040264,1.0
723,3.05604405403807,2.552267202382966,1.0
724,1.2173843180708106,1.3577906197584437,0.0
725,0.44246086094959214,1.0672265265728427,0.0
726,2.570216354540339,2.375178444462891,1.0
727,1.6463427649950197,0.9104767090708392,0.0
728,1.8239282850686034,1.2798957200035879,0.0
729,2.958015046287763,2.00981161602054,1.0
730,0.6676818058159644,1.3265672506373019,0.0
731,3.579761547780837,2.156136896254167,1.0
732,3.078866073329455,1.837111537005075,1.0
733,-0.06430215349008184,0.8496182849264209,0.0
734,0.8770493832475508,0.9714331594957943,0.0
735,3.2833629459048175,2.244292831014947,1.0
736,0.07828322167925217,0.28923318573590673,0.0
737,2.103971159803213,2.1564548555012526,1.0
738,3.950410538636763,2.5039886706169616,1.0
739,1.054758711098317,0.48047819523464863,0.0
740,3.003048796312339,2.427607666860372,1.0
741,0.825199731500322,1.1572061113964414,0.0
742,2.479331459892899,1.8083706803198452,1.0
743,1.467022976639193,1.8219055044743424,1.0
744,-0.27718900250273837,0.5179423744193219,0.0
745,1.1635594618089524,0.8541470674426926,0.0
746,0.28019926733438894,0.8713240840385932,0.0
747,2.6565896290130953,1.4252362971436714,0.0
748,0.8247831777016088,0.6281939501406065,0.0
749,2.137208266838324,1.1878303876393965,0.0
750,0.6857121639967094,0.9828134933565986,0.0
751,0.05182281738479633,0.5955952256877104,0.0
752,2.863226174228427,2.432862949588119,1.0
753,2.6344966051495433,2.126825886417457,1.0
754,2.259772529702621,1.4658602981019346,0.0
755,-0.07662864899926336,0.7885984444143835,0.0
756,1.0393354464520486,1.5743856095121382,0.0
757,3.1849849410800775,2.569212095230297,1.0
758,1.931067691517029,2.335699562165479,1.0
759,2.5658701195373537,2.232353053849617,1.0
760,2.3425636456872403,1.709477495487534,1.0
761,0.9512715844284877,1.0745025341504484,0.0
762,2.8067459223555757,2.579970733370156,1.0
763,1.1053558953260665,0.8701357759116501,0.0
764,1.2012811951123292,0.8241863636073303,0.0
765,2.3476977370048675,2.2180464202749106,1.0
766,0.8046610322996807,1.1975492662233582,0.0
767,1.7299690297435095,1.672611558763636,1.0
768,0.3414284979315336,0.992513276854892,0.0
769,2.6234640500611333,1.4891070031543339,0.0
770,2.250398733492558,1.06880085203185,0.0
771,2.1647475567628947,1.0731252845854786,0.0
772,-0.06898432641925245,0.6696094986267576,0.0
773,0.2613301209799519,0.6951555094861983,0.0
774,0.8025024320134948,1.168900425577361,0.0
775,0.5857773457721293,1.4235458661140186,0.0
776,2.2930115480400715,2.368317938214971,1.0
777,1.9226231554639999,1.6369712530905958,1.0
778,2.079083133810175,1.925040436762928,1.0
779,2.168532538576035,1.785285252517434,1.0
780,1.5155532520029338,1.069162779692826,0.0
781,0.6819554697615565,0.9383171023781647,0.0
782,3.678775375539776,2.1399327910007284,1.0
783,2.7482604773225523,2.2225968352046515,1.0
784,2.6083642781397773,2.2711381894389606,1.0
785,4.2312991470103976,2.2316227590374007,1.0
786,1.1294217776981283,0.9431480247691423,0.0
787,2.533930651688713,2.2555685547639897,1.0
788,3.0283516848677055,2.161937423267889,1.0
789,2.2587474487394625,1.150449781215609,0.0
790,1.2094376345266244,1.3310237605767627,0.0
791,0.6513367780389122,1.1874546033438118,0.0
792,1.082289671467697,1.1464120731103002,0.0
793,1.43733470690657,1.453795341952104,0.0
794,2.061064805530173,1.6772375494088152,1.0
795,2.490601235323538,1.8188401762442734,1.0
796,3.1165532518331642,2.1355490859142683,1.0
797,1.106661815439654,0.9471718592458616,0.0
798,0.7610190278369506,1.0576063507238946,0.0
799,0.57299355029867,0.9377793979375408,0.0
800,3.3740046812136435,2.237715046405248,1.0
801,2.5626716358833708,2.216933545928671,1.0
802,1.3129609283583266,1.1074863529571606,0.0
803,3.0528442633264468,2.159470139290708,1.0
804,1.0385759048255592,0.9695733041239534,0.0
805,3.049599048656141,2.1818473635206805,1.0
806,3.7139542263059937,2.5368027745090407,1.0
807,3.163880506145811,2.0361397293017727,1.0
808,1.2520664687483796,1.1518716648753895,0.0
809,2.0541797652213494,0.8828816168468299,0.0
810,2.2773398738085926,2.195824941751674,1.0
811,2.777214484494551,2.004548140471098,1.0
812,1.0442724708423041,0.8485598077960257,0.0
813,1.7052093663224595,1.9261865030973009,1.0
814,0.2987257703203652,0.9814856430035603,0.0
815,2.7307656615617235,2.181053133046739,1.0
816,0.8821152976478284,1.1884619680166324,0.0
817,1.7652007166254684,1.2114723306233872,0.0
818,0.8524490394618127,0.9479186011532759,0.0
819,3.27915782524226,2.3193777468103556,1.0
820,1.0504775771253254,1.074837192739578,0.0
821,1.8938472329757556,1.9399488255259498,1.0
822,2.20023603392613,1.9640757369351807,1.0
823,3.4410402984495714,2.219033385046807,1.0
824,2.2564792797611593,1.8792086400918955,1.0
825,0.7916659049863941,1.006357272850101,0.0
826,2.2962567855835774,1.7613630340296702,1.0
827,1.0924796562783265,1.2032626001836073,0.0
828,2.0007292168131956,1.1842568532382323,0.0
829,0.12241449071472499,0.8781234523880985,0.0
830,1.4909136294279117,0.8333815184535077,0.0
831,1.724119180335884,1.062196495591325,0.0
832,2.981468254573324,2.4525777865625007,1.0
833,0.19290879446056852,1.0306260769558444,0.0
834,3.3068986828983027,2.3841600648069226,1.0
835,1.7894255913034907,0.9945933501831976,0.0
836,1.5447169660496514,1.417508252748369,0.0
837,0.1402594069988795,0.7523030242542743,0.0
838,0.9611549103326404,1.1350117547553984,0.0
839,0.7614243294467797,0.7509204612256971,0.0
840,3.4527727808621487,1.9583295924422752,1.0
841,1.1270695895029752,1.2519050024270866,0.0
842,1.160839067415349,1.1645765479007044,0.0
843,1.7252085314639438,1.0965025833855908,0.0
844,2.2908258695397836,1.5577062896251719,1.0
845,0.8903532135878947,1.0122918856567413,0.0
846,1.6167500948453615,0.8367510885553407,0.0
847,2.5117726376727174,1.9861128576753586,1.0
848,1.286812038397395,2.230259301762135,1.0
849,0.8508989421746975,1.0055813467143664,0.0
850,0.661874591903757,0.7669531060238578,0.0
851,0.771752230371372,0.6466018406632132,0.0
852,0.7136164323622145,1.3893556609781537,0.0
853,1.053641991212607,1.0779783432542538,0.0
854,0.39214292439659315,0.8299833731560419,0.0
855,2.3423887260737146,2.0007152775930597,1.0
856,4.1212480196918895,2.356789536202734,1.0
857,0.841466374988231,1.1879055508773178,0.0
858,0.3777888503835358,1.258214150235205,0.0
859,1.4234687115751017,1.103111917852946,0.0
860,1.1008106209225073,0.8903110897539563,0.0
861,1.784211389449968,1.91280467980192,1.0
862,0.9260299961134593,1.219153586831454,0.0
863,0.4977449737681744,0.7154900960150403,0.0
864,3.630358221336339,1.969354428629925,1.0
865,2.2530963349016773,1.9348850112741365,1.0
866,2.9233315090772054,2.219316074114071,1.0
867,2.1692267252503363,1.3517634411413963,0.0
868,3.6213811348770752,2.960203175725412,1.0
869,3.4321056376242565,1.967163536399193,1.0
870,0.2442534696963089,0.8623744252279466,0.0
871,3.7792034575182747,2.4581588009005655,1.0
872,2.6495609120678703,1.572359043287753,1.0
873,-0.23557171999566107,0.7429767169300173,0.0
874,0.2317611274845005,0.949233856287877,0.0
875,0.7384706792988782,1.2584811609327722,0.0
876,1.7586926462888681,1.2192538208720944,0.0
877,2.688685302425217,2.487032322900375,1.0
878,1.0265450836628658,0.9582155416048265,0.0
879,1.3228513380171394,1.2476277142102825,0.0
880,0.32969761203962145,1.0155185066013213,0.0
881,0.9030554312002772,1.0013401220021985,0.0
882,4.108429024390492,2.3942658338417915,1.0
883,2.4096642901351655,1.39690825792214,1.0
884,0.6935574746106214,0.6950640934804933,0.0
885,2.4892712653979068,1.5323759971698978,1.0
886,1.8621022153858582,1.4449820858612796,0.0
887,2.4082820048770848,2.362666695496384,1.0
888,1.925110576203761,1.8828124443080756,1.0
889,0.625355425676333,0.6721718577518822,0.0
890,0.915655460349969,1.0634080149404848,0.0
891,3.628487965821115,2.4799224941811544,1.0
892,1.0066869349614882,1.6229661179451376,1.0
893,3.2882696476523634,2.1542264357246714,1.0
894,3.586973469722852,2.3360902428338646,1.0
895,2.037020299212702,1.5233169698321358,0.0
896,0.42888415332761487,0.7834625216585381,0.0
897,1.2979018378536775,1.0869633018970217,0.0
898,2.2746209640173385,1.946437525804784,1.0
899,3.1489658783699,2.1497507559053552,1.0
900,1.1282814165354846,1.0646595486269739,0.0
901,1.0833031302702405,0.8429934988268889,0.0
902,0.8449367447749887,1.1477911232971685,0.0
903,3.899870975993137,2.465957491448079,1.0
904,1.5383390048442147,2.2202455887857004,1.0
905,2.551688566461642,2.346136611767424,1.0
906,1.0507567357332233,0.9859365852029731,0.0
907,2.138779237600739,1.617739893841817,1.0
908,0.9852267888120895,0.9098985042570272,0.0
909,0.21747199967903408,0.9126311335938151,0.0
910,2.95386031626421,2.392907573410718,1.0
911,0.7421840238821631,0.7185887837941178,0.0
912,2.017506788472457,1.7266181356879413,1.0
913,2.9099062467703587,1.8020188054900208,1.0
914,1.625955315792555,1.0844882162642218,0.0
915,2.652858246614703,2.1655718543289093,1.0
916,1.4111519224416196,1.0077993205123583,0.0
917,1.0026697281153378,0.9979730852312073,0.0
918,1.308812528175785,2.115302647433139,1.0
919,2.8342790014600294,1.9987119115884815,1.0
920,2.8164647185360216,1.8182367988728816,1.0
921,0.03077050163246431,0.6463959437183833,0.0
922,0.46295418280489553,1.344032079129037,0.0
923,2.1058520133365963,1.9934532072438307,1.0
924,2.397804319994479,1.9616133234886979,1.0
925,0.22635265630196033,0.6699762640966018,0.0
926,0.4824159344048957,0.7665497169531994,0.0
927,1.5082680707317135,1.1138941854641906,0.0
928,3.6804427340272157,2.407185252673793,1.0
929,0.9225935085143813,1.3114669465611373,0.0
930,1.9775383521295091,0.8889083852114257,0.0
931,1.3832762314837264,1.151080826929263,0.0
932,1.6683571650174867,1.0795823552321866,0.0
933,2.5200172709895505,2.1989034187746777,1.0
934,3.490501936502972,2.407012096706395,1.0
935,3.519928720065154,2.229101682994359,1.0
936,0.8087739877452631,0.9097799174933012,0.0
937,2.2905798819425325,1.9834989991631973,1.0
938,2.1453470576835123,1.2611518287415768,0.0
939,2.77156854298805,1.827641178833277,1.0
940,1.7861812729104878,0.9768135887686961,0.0
941,0.4572824066626592,0.6023124883715649,0.0
942,1.6237817739099971,0.9663476513120699,0.0
943,2.6428885181567967,1.7976523468774468,1.0
944,3.602575296446319,1.9901564412534372,1.0
945,2.2557884362137854,1.9626881333977706,1.0
946,1.4148087294134992,1.4339492197030637,0.0
947,1.3236893288273668,0.8684512630847065,0.0
948,2.253604647160386,1.6677135188077694,1.0
949,2.1032165284276307,1.6813560705425188,1.0
950,0.08227959861731238,0.8385857247180265,0.0
951,1.9344573667947262,1.3183220357071646,0.0
952,1.489064832856036,1.1723794412349862,0.0
953,2.058884486256159,2.0056983704976155,1.0
954,0.39475823241433106,0.8238742454281593,0.0
955,1.4435684132036386,1.0045958220139164,0.0
956,2.371931455040952,2.1213168876814588,1.0
957,0.9882534215901285,1.0264601479216893,0.0
958,3.4677962747450914,2.423059509633343,1.0
959,0.9813178204480755,0.8688552838977149,0.0
960,3.4371014833691653,2.5922320695023227,1.0
961,2.0287056363586338,1.8459343402770805,1.0
962,3.217537393293407,2.2656512288637805,1.0
963,1.1380573061582846,1.2603711685158587,0.0
964,3.081287529117824,2.658263897861951,1.0
965,0.8723773926213473,0.7853104243493473,0.0
966,1.1283354446675808,0.9443658431277573,0.0
967,2.7893575127134147,2.0809916586925303,1.0
968,2.5823972844469205,1.9147595012150802,1.0
969,1.9821097475470135,1.3101671825878407,0.0
970,2.912782012513514,2.3667742047675198,1.0
971,2.005461857540346,1.9065093154896307,1.0
972,4.1509451767273315,2.382861136615684,1.0
973,1.3782833673731387,0.7489382055805114,0.0
974,1.5475165596124167,1.0036906023124388,0.0
975,-0.13002225510450316,0.7323244344069545,0.0
976,0.33124077522556106,0.9026432495870722,0.0
977,0.34178492698935437,0.8374201335881958,0.0
978,2.4121933014660755,2.154407016771635,1.0
979,2.2471855611809257,2.0515577957492592,1.0
980,3.023859401077222,1.949085053779757,1.0
981,2.396440983538435,1.2820837705382089,0.0
982,2.7349184341652477,1.8932372147086216,1.0
983,1.8323494280732227,1.228286874549437,0.0
984,2.646187479894632,1.08937357301743,0.0
985,0.27611008290996497,0.7955373448470981,0.0
986,1.093923138456013,1.3179512170067516,0.0
987,3.4350480331472677,2.259825164054782,1.0
988,2.0742775133172637,1.998300070591312,1.0
989,3.4519375120587896,2.4341019246383393,1.0
990,1.0784710657628922,1.6604081327161422,1.0
991,2.337689554953949,2.0450332988315525,1.0
992,2.3243770520675975,2.1294305977652166,1.0
993,0.5293530131035631,0.7255559320956244,0.0
994,1.5295040203041816,0.8075771133525852,0.0
995,0.34869004834642003,0.6299945242817567,0.0
996,2.5968033953192897,1.7130474757728413,1.0
997,2.5265740505218766,1.7981926148344518,1.0
998,1.978232051642598,2.253880750687053,1.0
999,0.7064296965626081,0.9194425987665664,0.0
1000,2.0683613513471952,1.093281768021206,0.0
1001,3.5094261930832507,1.9388525568391768,1.0
1002,1.6698166676983865,2.140591711327674,1.0
1003,2.8703225423501673,2.3328475440029055,1.0
1004,3.510466991682061,2.565189853174039,1.0
1005,1.7432310885322537,1.4005844473052904,0.0
1006,0.9466384283299145,1.1893192283228322,0.0
1007,1.3452715587609734,1.1519262865896183,0.0
1008,1.793214405156149,1.6264249767312366,1.0
1009,3.159932126020693,2.429675511864732,1.0
1010,1.172434267765157,1.0248501407891117,0.0
1011,3.294997579520272,2.564316851495409,1.0
1012,3.088702403424102,1.532582584259461,0.0
1013,3.2141120872883837,2.1326970243916383,1.0
1014,0.49369163707289665,1.0354006136342309,0.0
1015,2.950136754749572,1.9345913465406095,1.0
1016,3.531339717302248,2.0301948684641102,1.0
1017,3.322172910742935,2.1523970427088317,1.0
1018,1.2099800350708756,1.85426445893942,1.0
1019,2.0416897044551265,2.010075686380795,1.0
1020,1.6038964458468075,1.1076732517529022,0.0
1021,1.0859759924737165,1.1031056111672755,0.0
1022,2.1682335150463214,1.8386921958745455,1.0
1023,0.2956588528400639,0.3677113656670802,0.0
1024,1.8913036494847755,1.657474462088847,1.0
1025,3.2648643252102802,1.8203130902421185,1.0
1026,2.8163422880325966,2.271480877033185,1.0
1027,0.8431009757459105,1.2884485138380315,0.0
1028,0.7540826520562023,1.0144882501151817,0.0
1029,3.2723339533279683,2.088575318618112,1.0
1030,0.9300474200760074,1.0697858045616284,0.0
1031,1.3064923818060354,1.0465526207853506,0.0
1032,3.705044662294701,2.3485210490863357,1.0
1033,2.8692299758521105,2.602510851375736,1.0
1034,2.6539661300256703,2.1621806490677855,1.0
1035,2.6658618478101603,1.4168085737648868,0.0
1036,2.863065807974353,2.431119748248716,1.0
1037,2.339623925195019,2.3394581043604443,1.0
1038,2.9099880929803996,1.6725478480776066,1.0
1039,1.8047814929410877,1.6792708309255353,1.0
1040,3.04791974250758,2.056059454285793,1.0
1041,3.07109406988239,2.0199331083165264,1.0
1042,2.6057731462801352,2.0962774841612704,1.0
1043,1.1996370999942099,0.8816721533975869,0.0
1044,1.7586062341279067,1.1619931319557344,0.0
1045,2.676881251192937,1.9059248258254384,1.0
1046,0.578856199350991,1.13398898859284,0.0
1047,3.090186311327239,2.373919173066517,1.0
1048,0.8055550295080347,1.057211748103339,0.0
1049,2.1997885349171744,1.9642137960057906,1.0
1050,3.5990207846937725,2.4067479401349066,1.0
1051,0.007590085979711447,0.9544923465993005,0.0
1052,1.982921413779004,1.83123053099435,1.0
1053,2.5794960396765747,2.431028717027433,1.0
1054,3.4777580582182965,2.296322440867293,1.0
1055,0.767496854396847,0.7708028796586369,0.0
1056,2.844600104246892,2.066455804548658,1.0
1057,2.6156544093130125,2.1606146827551287,1.0
1058,1.7996497550444275,1.7842538483428774,1.0
1059,0.626567630577695,0.8702142895580756,0.0
1060,2.3978253795738516,1.3640116719445134,0.0
1061,2.851450910928936,1.9008881917815814,1.0
1062,2.524450865166613,1.8685239569735281,1.0
1063,1.3469999109158437,1.1791398874002712,0.0
1064,3.440156010068657,2.531093521341251,1.0
1065,2.8937895613232625,2.1633528867938763,1.0
1066,1.122193343131134,1.165214522833089,0.0
1067,3.3779110729445865,2.5997724149470773,1.0
1068,2.6730983252489593,1.9988087527580187,1.0
1069,1.569224205830018,1.1581374487809075,0.0
1070,2.0498223867508294,1.850012739590584,1.0
1071,1.0351884280599892,1.0316283907259314,0.0
1072,2.6763541424263386,2.3413330603872207,1.0
1073,2.7549888844845043,2.1590004948036348,1.0
1074,3.873831343714908,2.4456394519278124,1.0
1075,0.33152282323848237,0.5520648842146461,0.0
1076,1.377253689649748,1.4468394741418311,0.0
1077,0.45653924441001803,0.5889268097054827,0.0
1078,1.0204030899876964,0.6434808037122219,0.0
1079,0.1158343293809091,0.6350052290762576,0.0
1080,1.32454242657587,0.884180845349892,0.0
1081,-0.033901783334115754,0.659825989438543,0.0
1082,1.48741196015559,1.3369293446890536,0.0
1083,1.6118775090095703,1.2026722856772667,0.0
1084,3.194941581906972,2.2227500225663417,1.0
1085,3.3387653657384835,2.2593540249004684,1.0
1086,1.7805043962583011,1.7899539554997637,1.0
1087,3.2048885521309534,2.254793510564667,1.0
1088,2.7935404681169325,2.2052476489013597,1.0
1089,2.8452681863507547,2.1541581056850223,1.0
1090,1.4708165570034901,1.052027010471532,0.0
1091,2.3874054388809665,1.9338932444040826,1.0
1092,3.3165187866453767,2.298401601747328,1.0
1093,2.626806123524661,2.465219626693986,1.0
1094,0.3747368903416344,0.8468967257361495,0.0
1095,0.8239740598230431,0.8508624104816567,0.0
1096,1.8868623307261343,0.9111969562441653,0.0
1097,2.533712994105377,1.2136866222725893,0.0
1098,0.6847858725604843,0.9030175632095013,0.0
1099,2.4076392209724427,2.021331187354878,1.0
1100,0.6917922679202031,1.1576286821425121,0.0
1101,1.3704001582226772,0.7354250595479288,0.0
1102,0.954731923663035,1.2717309297076347,0.0
1103,0.2326874849845295,0.46908184049141133,0.0
1104,0.05144771660180958,0.7822666455258271,0.0
1105,0.7097895953345293,1.0448544682048437,0.0
1106,2.9111875842184203,2.033951718563135,1.0
1107,2.823566686046237,1.8593722528624426,1.0
1108,1.2827381060755874,1.0331673529791496,0.0
1109,0.9542234608369874,0.9825817639715504,0.0
1110,2.6712999271920834,1.8790041401207667,1.0
1111,0.36486540976407555,0.9415616909640051,0.0
1112,2.147864541715421,1.8144219524151923,1.0
1113,2.485661472457532,2.096076279932598,1.0
1114,2.510271401089115,1.9136608287919556,1.0
1115,1.5563484703637156,1.180453065596259,0.0
1116,2.406544663180178,2.2209967755184232,1.0
1117,1.5296985376616565,1.6172258281441154,1.0
1118,2.2129028831008934,1.496672392373032,0.0
1119,2.8572913695367506,2.107477119385959,1.0
1120,3.5285482813668354,2.152111464875026,1.0
1121,0.8829657258974486,1.0977068094435474,0.0
1122,3.6432272436040174,2.2486215500842204,1.0
1123,3.104681207032449,2.4764720362591777,1.0
1124,3.227767915159626,2.1869797404163545,1.0
1125,2.406778451395045,1.990804242517556,1.0
1126,0.8040491330580664,0.8463983492527547,0.0
1127,0.12357403992275706,0.6739875468632404,0.0
1128,0.3911710769443739,0.6336833135850966,0.0
1129,3.054128659058021,2.341652872064571,1.0
1130,1.2803262385188716,0.9581384854187944,0.0
1131,3.19881429390625,2.2982931692066364,1.0
1132,0.015571589629000848,0.8829125232143544,0.0
1133,2.8937905122845873,2.233252966232483,1.0
1134,0.6839010708193936,1.0273651691322634,0.0
1135,2.6716320807346823,2.468365165573298,1.0
1136,1.4434154088148383,0.9213946715068174,0.0
1137,1.7850611019834672,1.8325245367341034,1.0
1138,1.8577502106163037,1.0035520002132596,0.0
1139,2.778064415180074,2.1795316200720274,1.0
1140,3.111463179834127,2.4728871439474687,1.0
1141,2.9367189869633696,2.4756000772483433,1.0
1142,1.1821430597979108,1.2880414508994193,0.0
1143,2.2716014260314963,2.4814439974778746,1.0
1144,-0.3867529333489994,0.25210145063782985,0.0
1145,1.2739494017239252,0.5120141986302026,0.0
1146,0.2709498657307552,0.909135645039031,0.0
1147,0.7441377992474965,1.6757393218418237,1.0
1148,2.2790123217295535,2.141125370303758,1.0
1149,1.4721918320716791,1.3103606877947092,0.0
1150,2.0399099585431895,1.9739125242635993,1.0
1151,0.5816694643533279,1.0705237806975876,0.0
1152,2.0385596348143356,1.0476739955360823,0.0
1153,2.582858140525485,1.9758598293371135,1.0
1154,1.8031500413663624,1.7684308109891962,1.0
1155,3.296940429374022,2.1486734658426734,1.0
1156,2.4927708209850445,1.7649482189746586,1.0
1157,2.8190813194771898,2.129882568579218,1.0
1158,1.7213106272535903,1.3330733252610854,0.0
1159,1.1032597459712108,1.0602036558968546,0.0
1160,2.460116298967523,2.1570010254614007,1.0
1161,2.08773507566619,1.4368512388249925,0.0
1162,2.86405304174139,2.5904016456807986,1.0
1163,0.7303729144871929,0.8957471977620945,0.0
1164,0.5453219708765602,1.0123928348554634,0.0
1165,2.3944293768605407,0.8915258588485513,0.0
1166,2.500815586548346,1.56713025493021,1.0
1167,0.7510707630606948,1.2437163023924591,0.0
1168,-0.7266016804856954,0.2512001524412757,0.0
1169,1.2541095364553099,1.4083798586922858,0.0
1170,3.2100011842877936,2.3731715360505268,1.0
1171,2.0581331496950437,1.28643536468774,0.0
1172,2.7989138278270884,1.6175537525053898,1.0
1173,0.464166501146837,1.1878988299669428,0.0
1174,2.124699894619229,2.395518252301795,1.0
1175,1.8384882111330967,1.9735800044894174,1.0
1176,1.0334095663973744,0.9525741847673854,0.0
1177,2.5424946923346914,2.0828092461971424,1.0
1178,1.6856462368150469,1.0913960472637396,0.0
1179,1.1422477243689235,0.7274394374306061,0.0
1180,3.074318725461588,2.126650817285735,1.0
1181,-0.2296680973077918,0.6001008624322435,0.0
1182,3.048597037514748,2.204049943170881,1.0
1183,0.7781167945622252,0.37363138931016626,0.0
1184,0.9085406666343333,1.0299001288931073,0.0
1185,0.7628785672498511,0.8561757995101391,0.0
1186,0.07679712917568349,0.8007952237814483,0.0
1187,1.8053046395535062,1.1736033193501767,0.0
1188,2.954262406585155,2.3904449208360488,1.0
1189,2.352596733573628,1.955129307708761,1.0
1190,1.7644039386456607,1.0636890490643123,0.0
1191,0.7621546649491107,1.0466433641015909,0.0
1192,2.888752199249777,2.3317845406677784,1.0
1193,0.769271970988143,0.7150419292181481,0.0
1194,0.5247096075401629,0.9662861919477079,0.0
1195,0.5651671898976741,0.5837820015903967,0.0
1196,1.8306718565717155,2.1317378573996413,1.0
1197,3.2412282274076656,2.1588882415773787,1.0
1198,4.215596244207226,2.0723179308016477,1.0
1199,0.8689023940397381,0.7327793255469097,0.0
1200,2.813886882906198,2.289481166624716,1.0
1201,1.4730709156017356,1.293732157229322,0.0
1202,3.293090957849014,2.2002608570691686,1.0
1203,2.3961601415633482,1.96616374216836,1.0
1204,1.7008739776948278,1.2757712359152795,0.0
1205,-0.32663474954585614,0.09236924807880531,0.0
1206,1.3427368742353363,1.0174387105964309,0.0
1207,0.6676453550059868,0.8010385247584473,0.0
1208,0.32700977513438256,0.9674539409717627,0.0
1209,0.8722053610185184,0.7046084683872942,0.0
1210,3.68032283497706,2.1267078269850317,1.0
1211,0.8061742523346288,1.1649138022761458,0.0
1212,2.3307749784268204,2.110079868262457,1.0
1213,2.3500550796612902,1.9396787792402863,1.0
1214,1.038536476756542,1.0051993802610457,0.0
1215,0.19594929776102565,0.893670204881354,0.0
1216,0.6714497502350876,0.8925549535531742,0.0
1217,3.532218237230116,2.1551584683455243,1.0
1218,1.8941026229789109,1.1211810490334857,0.0
1219,2.632437287339868,1.9936284832128721,1.0
1220,2.51164682078005,2.1912472771058313,1.0
1221,0.6616656870770761,0.728638887515351,0.0
1222,1.155599696821555,0.9607507942360405,0.0
1223,0.7686378211468897,1.1097106609425338,0.0
1224,2.4029660987043493,2.1000498160435925,1.0
1225,0.6665301471763605,0.6958384919605232,0.0
1226,1.6534564739972364,1.641057649875869,1.0
1227,1.4195957946993352,1.150708451338622,0.0
1228,2.1421584407002836,2.117986096754871,1.0
1229,3.5695597223790703,2.3721402178128312,1.0
1230,1.3134722647024066,1.1765005208282298,0.0
1231,3.1521902383404705,1.9903796756329042,1.0
1232,3.0188452667134906,2.0209378428073417,1.0
1233,1.1269737074710962,0.9590611588408368,0.0
1234,3.233966918445477,2.1499619886780543,1.0
1235,2.0460775392611614,1.432958095167063,0.0
1236,2.048946062593635,1.8516423972976732,1.0
1237,2.4100242364086077,2.5024400536167133,1.0
1238,3.274861929103431,2.285822905188933,1.0
1239,1.6201491038365634,0.8807143140502846,0.0
1240,2.178908588529892,1.6089445641033462,1.0
1241,0.8316686891965174,1.3207255337440036,0.0
1242,0.8345916868322294,1.6041773870732197,1.0
1243,3.2156650208367688,2.243946987140284,1.0
1244,2.660579179617996,1.7669992345858052,1.0
1245,0.806085685803642,0.6880050718782952,0.0
1246,0.5875897201177853,0.9297119618102895,0.0
1247,1.0628680307894078,0.6505378249954648,0.0
1248,1.2406049822395275,0.8463851338150302,0.0
1249,-0.18621036253058376,1.4327687019699988,0.0
1250,1.0684803791521713,0.827639625836055,0.0
1251,3.0725175174796155,2.1220998279227574,1.0
1252,2.0314446683185725,1.2028134218248137,0.0
1253,3.1807122989864434,2.2785770256353883,1.0
1254,3.8019831238838258,2.3757669638932395,1.0
1255,2.997980462212991,2.2808655113388747,1.0
1256,1.3431096688791153,0.6765365303746758,0.0
1257,2.147677613200266,2.005367802965876,1.0
1258,0.7203819046802336,0.9020756732725642,0.0
1259,2.1274930082772956,2.165205102103483,1.0
1260,0.36304469598035405,0.8505882509104492,0.0
1261,1.0108289390760414,0.9780328831981833,0.0
1262,1.1612912738409027,1.2563865671516852,0.0
1263,1.8015643212123202,1.0830210386135253,0.0
1264,1.5911895454120644,1.0582715842368402,0.0
1265,1.1814184006868074,1.2652403017987761,0.0
1266,2.840459554990905,1.890079926141781,1.0
1267,0.029765386204657185,0.7833728790312775,0.0
1268,2.766787513899889,2.0186437451506034,1.0
1269,0.6779446900411336,0.8641431966327042,0.0
1270,2.275320544534398,1.9880435137634038,1.0
1271,3.1926666103083585,2.257646789997051,1.0
1272,3.562246878578873,2.0792491480282664,1.0
1273,0.6702673207922574,0.62026789234176,0.0
1274,3.1456118124328762,1.9225169591741516,1.0
1275,2.33192515253349,1.5412528314923806,1.0
1276,1.6939670732347194,0.7848827006868866,0.0
1277,2.589648123910655,2.14333926073411,1.0
1278,2.210296072393514,2.020195603445589,1.0
1279,1.7059487845860468,1.7697178974917034,1.0
1280,1.3578396422949626,1.2383731003777776,0.0
1281,0.03567199775206731,0.9816444401804905,0.0
1282,0.4039841940893789,0.7181161465907466,0.0
1283,1.1839346973004479,0.9116432869725878,0.0
1284,1.8621403060607422,2.0449413100644835,1.0
1285,2.761500755629256,2.1194386848763025,1.0
1286,1.8156082205631705,1.1430376639860054,0.0
1287,1.5668173920645856,1.6606589162917145,1.0
1288,2.2000345810576123,1.5782894690794702,0.0
1289,0.7174839573173204,0.38558100361085335,0.0
1290,0.6929004036138356,1.0107271565753921,0.0
1291,-0.2655689458330561,0.32291361197253277,0.0
1292,3.2562426773589346,2.289091283446414,1.0
1293,0.7243256311113075,0.7851946211253499,0.0
1294,2.053701222824249,2.2683239448085692,1.0
1295,2.1418954678700017,1.7656535186481388,1.0
1296,3.3736651533269533,2.1846820022720204,1.0
1297,3.3728386929690837,2.0424661270102407,1.0
1298,0.06313680954808487,1.1491683107176691,0.0
1299,3.0408375320495105,2.359126164449189,1.0
1300,2.7839702664441424,2.1117896485324623,1.0
1301,0.11213455160930308,0.6146439031899646,0.0
1302,1.1344552520985498,1.149750337037407,0.0
1303,1.9194335228712673,1.2168975158289492,0.0
1304,1.5379676612261681,0.5738328665512945,0.0
1305,0.2377994468082667,0.7731875960942796,0.0
1306,1.3875693643761764,0.9601700324364366,0.0
1307,2.3641080026518906,2.151350535508792,1.0
1308,1.2703505597751101,1.1652868788405295,0.0
1309,2.2317400633460753,1.3093484450905208,0.0
1310,2.0193494883823773,1.7433580551191772,1.0
1311,0.19873399110963275,0.8109772102826313,0.0
1312,1.2000925985568753,0.665805175931825,0.0
1313,0.3265067410628426,0.8746419262015444,0.0
1314,2.5521015005741168,2.20229699618035,1.0
1315,2.8749711123913375,1.903886262409604,1.0
1316,3.275177692119383,2.3647577937790363,1.0
1317,1.6465890111859955,1.8312626235414067,1.0
1318,3.5466554835497996,2.1697269901674345,1.0
1319,3.051263993695854,2.4998554333565886,1.0
1320,2.103555705015829,2.0698886289238954,1.0
1321,1.542780300114348,1.4194484378752334,0.0
1322,1.9175827830361198,1.8994245461484043,1.0
1323,4.146724303398518,2.268516836489878,1.0
1324,3.5904991427618125,2.3815612105321438,1.0
1325,3.0514271054653386,2.219437370670322,1.0
1326,2.7961509919604377,2.7403740954028284,1.0
1327,2.828831317028476,2.2559257719379,1.0
1328,4.039052143159616,2.2262353764176606,1.0
1329,2.876006092746241,2.2382331797033124,1.0
1330,2.6962347465296603,2.177093292122685,1.0
1331,0.5327514254166508,0.7267219019072818,0.0
1332,2.46519452037253,1.9393838780562462,1.0
1333,2.298511499662817,1.8994993272618685,1.0
1334,2.1236259672516256,1.4328392355897681,0.0
1335,2.176052214683665,2.07888767655664,1.0
1336,3.2347507184450652,1.9700400447685296,1.0
1337,1.5374409787593237,1.146848344212842,0.0
1338,-0.5493907575141275,0.9714082752684533,0.0
1339,2.641245089948431,2.3319151680312094,1.0
1340,1.9441696734276044,1.9166900595577667,1.0
1341,3.310339579631684,2.387170833873128,1.0
1342,1.7607741761655675,1.4273165953934752,0.0
1343,2.548842687312353,2.1181763216042677,1.0
1344,0.5371485400859443,1.1057154426778417,0.0
1345,2.4425794531547953,1.7216389680171176,1.0
1346,0.426933950088354,0.7774639650850514,0.0
1347,3.2920596297683864,1.9329020021116357,1.0
1348,2.7250504719705377,2.1612201643384137,1.0
1349,1.8649945819019238,2.421033950478252,1.0
1350,1.571429809944743,0.9388337566506771,0.0
1351,1.5016999225779104,0.8467549372499674,0.0
1352,2.2642491445891935,1.5777134560153487,1.0
1353,0.5239147221618468,1.1805437626037096,0.0
1354,2.126841024465495,2.0591204160981986,1.0
1355,3.609861263765613,2.456049602903749,1.0
1356,1.035002909411778,0.9566040548029778,0.0
1357,2.4423415875475305,1.9404974625472988,1.0
1358,0.8173252661358941,0.8011915869296129,0.0
1359,2.1967887046001966,1.7193998889338886,1.0
1360,4.234358014168679,2.587125866417213,1.0
1361,2.7826505707688045,2.3382048171772163,1.0
1362,2.5400997819413065,2.295025882334234,1.0
1363,2.6228216974215086,2.148121643702084,1.0
1364,2.7752884883997875,2.614850491878498,1.0
1365,0.3014708593309672,0.8815608998191251,0.0
1366,2.8611241939560688,1.7931302574152963,1.0
1367,2.713224756568536,1.9781523896349182,1.0
1368,1.9475183100767584,1.746003561581238,1.0
1369,2.4226574104191134,1.835059918326765,1.0
1370,2.7863200608261707,2.0709652980281574,1.0
1371,-0.5964432386348062,0.3767372549437933,0.0
1372,2.9095931876287717,1.9085977385145436,1.0
1373,2.9468283698975175,2.3660697601627465,1.0
1374,1.7804802864715716,1.9483010110227976,1.0
1375,2.649178449033081,2.195296570320361,1.0
1376,3.282558302799028,2.124836298391398,1.0
1377,1.0260070386939362,0.7607888463866022,0.0
1378,1.0534171679249753,1.172207076273172,0.0
1379,-0.6039518200459417,0.4527325740959506,0.0
1380,2.637427112464506,2.0703882774373397,1.0
1381,3.455400683272045,2.3075557739647286,1.0
1382,1.0513395145497995,1.0785255831466964,0.0
1383,3.427500319309744,2.6444565532689355,1.0
1384,2.454571590642827,2.104052299755691,1.0
1385,2.203511256753412,1.627157402104445,0.0
1386,0.8780648773175191,1.0349835324136598,0.0
1387,3.1060760692838243,2.2396395556927255,1.0
1388,0.7719288177382031,0.8608487995025209,0.0
1389,1.8788665341930357,2.2095991259113332,1.0
1390,3.06429815551071,2.441295437705009,1.0
1391,1.479259111147305,1.699427491109398,0.0
1392,0.6250036597002402,0.8604637394431047,0.0
1393,0.46162524300700136,0.7570232790382524,0.0
1394,0.3354116686302896,0.7233881888456022,0.0
1395,3.0976408599803675,2.1357387508279855,1.0
1396,3.5170872683859917,2.3861464106867025,1.0
1397,1.2998827555680443,1.5814192667135276,0.0
1398,3.513624321588721,2.23872539716339,1.0
1399,0.4032681186231788,0.6577581413974241,0.0
1400,0.6918729589026721,0.79656200295714,0.0
1401,0.3463661497093521,0.5885039003532985,0.0
1402,2.924633373938014,2.254301114122339,1.0
1403,2.715201517349017,2.323501050860503,1.0
1404,2.7163349868437785,1.6916838412149238,1.0
1405,1.5600721138703593,1.9964571623918055,1.0
1406,0.712054671074378,0.5580878812292576,0.0
1407,0.929891359667367,1.0605810022264421,0.0
1408,3.172189623195248,1.9802668816112827,1.0
1409,1.571590655475884,1.426239979192642,0.0
1410,3.1015513632523755,1.8026684376383626,1.0
1411,2.6712781075529004,2.5306347338355355,1.0
1412,-0.16259161911637654,0.790584929180445,0.0
1413,0.2097540253532565,0.9983715333918758,0.0
1414,1.0421395142657308,1.086889473457534,0.0
1415,2.493580354910995,2.2026995517581227,1.0
1416,1.546727312702317,1.0950544817683876,0.0
1417,4.132144346328472,2.673704201273754,1.0
1418,0.8051118760154864,0.9007011315661902,0.0
1419,1.4692333256856065,1.2932078818238546,0.0
1420,1.9203162930131557,1.0311797028970195,0.0
1421,-0.26667685180384804,0.5134017539540368,0.0
1422,3.4219023483500477,2.1144944769094995,1.0
1423,2.3305786006565725,2.2921139003695963,1.0
1424,3.0008621528390114,2.2659110282723716,1.0
1425,1.4614082582520416,1.081123889011907,0.0
1426,2.5454791137787023,1.1392645651264948,0.0
1427,0.37284060893623905,0.779372227350242,0.0
1428,0.9497585372528695,0.7936134047440038,0.0
1429,2.552846861384574,2.2234600144943437,1.0
1430,0.28319786170024064,1.118395414980431,0.0
1431,2.8237169241245295,2.229188748017116,1.0
1432,2.8800446252097363,2.175935757567863,1.0
1433,2.0917985735405766,1.9357301562722231,1.0
1434,0.7277731293855649,1.5149518572805243,0.0
1435,2.9097314604044766,2.120170288613679,1.0
1436,-0.9504052063733728,0.8058145027180097,0.0
1437,2.209483349045154,2.1745898647576625,1.0
1438,2.892370537240274,2.4746737984789418,1.0
1439,2.4070101592053,1.6075607315573903,0.0
1440,4.014882221112391,2.1932006510037536,1.0
1441,1.6330141069758461,1.2690860701294095,0.0
1442,3.020242052379415,2.2336161958251726,1.0
1443,0.9945685861277282,1.2803799563075666,0.0
1444,2.9399346201406686,2.7562679231209333,1.0
1445,2.019996853326262,1.6931929710713374,1.0
1446,3.513015260989163,2.016902627751865,1.0
1447,0.6570595958856735,1.261097173990637,0.0
1448,1.3387018281461645,0.9201980369389862,0.0
1449,1.3552531095573306,0.9732473531174132,0.0
1450,2.7696686607124197,2.2829391947940243,1.0
1451,2.84484690551662,2.1150440265598833,1.0
1452,1.695063796653097,1.9933977489531165,1.0
1453,2.625890866070897,2.0669351471421624,1.0
1454,3.862945834751873,2.6083268318241424,1.0
1455,1.0267872403805476,1.3668422344314406,0.0
1456,0.8238813941032185,1.2746885535020387,0.0
1457,2.370140746019456,2.442756997477619,1.0
1458,2.6106439407695285,2.133969737375033,1.0
1459,0.4773730475491902,0.8293285365646242,0.0
1460,2.2368293767750824,1.7382586940101068,1.0
1461,1.0049904958886253,1.7759066801247891,1.0
1462,2.0086639237859014,1.8990964026767871,1.0
1463,3.3129224369324013,2.2064573184205516,1.0
1464,3.3189177932248333,2.8443499765300277,1.0
1465,2.94929831817505,2.456899226453341,1.0
1466,2.538162218470037,1.8837347833181377,1.0
1467,1.3119195026575223,0.824523172708673,0.0
1468,0.7426373961856111,1.3216399444939966,0.0
1469,1.4652714971462746,1.2268509054843533,0.0
1470,1.4019193368065526,1.3199454782663675,0.0
1471,0.865855621989195,1.1609447836577884,0.0
1472,3.4147788035172306,2.309965720968444,1.0
1473,3.263323265475999,2.05352111869792,1.0
1474,3.6271271858963225,2.4408757879013336,1.0
1475,2.810731759798317,2.4051603648817395,1.0
1476,0.7793239649157114,1.185895285206741,0.0
1477,1.4915312087104047,0.8336545332125087,0.0
1478,3.43095552460136,2.1485980440704915,1.0
1479,2.6865615772696327,2.2266842597090224,1.0
1480,0.776739693594563,1.1480495078092852,0.0
1481,1.9046441311895734,2.088236234082313,1.0
1482,2.7281391452522863,1.8958237629663632,1.0
1483,1.0892241908041695,0.9869741227792528,0.0
1484,2.1294997924280636,1.9810136065963069,1.0
1485,2.083662006063773,1.9096084219657288,1.0
1486,1.087939092342502,0.7490037761313413,0.0
1487,2.901397860575941,2.069096150098175,1.0
1488,1.3438786003776895,1.1431147691147494,0.0
1489,1.819932185639066,0.953313593293351,0.0
1490,1.4621228946050442,1.5969374809918122,0.0
1491,2.332247702064982,1.1017264176785566,0.0
1492,2.852497997565736,2.253175153000964,1.0
1493,2.6364312308048317,2.006020895162431,1.0
1494,2.648003379923354,1.9712512710828463,1.0
1495,0.542681210099689,0.7676976420252193,0.0
1496,1.6704588164762828,2.2712662732786475,1.0
1497,1.3562147155630613,0.9402664748955976,0.0
1498,0.9559760750654164,1.375313377756592,0.0
1499,2.5119130579822824,1.9340346006459388,1.0
1500,1.8178636524506455,1.6921530408300258,1.0
1501,3.316592360734717,2.5883270069997533,1.0
1502,0.7003997433093996,0.8089312081897315,0.0
1503,2.459834010235975,1.9424418256045057,1.0
1504,0.3500617380591001,1.3265093280915417,0.0
1505,1.5778789625751006,1.3804458035519225,0.0
1506,1.1556391939075685,0.8020806282553657,0.0
1507,-0.4995061092720816,1.0332556855431685,0.0
1508,0.3584737569948946,0.894013524024995,0.0
1509,0.6716421224777502,0.9042217493914261,0.0
1510,1.9154218401318253,1.6126893673474687,1.0
1511,2.8887874071600215,2.1909788581322336,1.0
1512,0.9894443328770607,1.4367493560432492,0.0
1513,1.783540831756302,1.0554659341631147,0.0
1514,2.0574816224267805,0.9948181628762612,0.0
1515,2.926068369596331,2.0002837692038,1.0
1516,1.3410109962996513,1.52153050994016,1.0
1517,0.5637123700443852,1.3431570358452336,0.0
1518,-0.10144672584983616,0.952941437219104,0.0
1519,4.2526437351945106,2.5174032754267053,1.0
1520,1.27125329158074,0.960266030590439,0.0
1521,1.9483097222038719,1.519102336684707,0.0
1522,1.8099162599329315,1.6459372393474743,1.0
1523,2.2099903728721615,1.957657852137406,1.0
1524,2.161828364423618,1.7605010427759962,1.0
1525,1.8567439004148074,1.6934594136231955,1.0
1526,3.6101144511579477,2.4303280940598473,1.0
1527,1.9267505234943703,1.8962539064880732,1.0
1528,0.5389266733220788,0.9644557588201247,0.0
1529,3.2563068634600136,2.4350462421011283,1.0
1530,2.8392593073773993,1.9171412310349012,1.0
1531,2.8975270261459114,1.8611052714953042,1.0
1532,1.5651247136373236,0.9497496685554745,0.0
1533,1.1167858072138586,1.3022340301117457,0.0
1534,2.0605371824149605,2.1358336663737068,1.0
1535,1.919728694737994,2.1432389599701045,1.0
1536,0.9546327022112225,1.1391372175531216,0.0
1537,1.1226051165627724,1.242939327201786,0.0
1538,2.358165350451032,2.493073897343275,1.0
1539,3.5728011036580787,2.035910654109948,1.0
1540,1.1849221073578458,1.0507655913492289,0.0
1541,2.6965221260881034,1.84773340129122,1.0
1542,2.521034527357419,2.0209363192044023,1.0
1543,2.0879211733601193,2.0874039988584805,1.0
1544,3.151629197408708,1.9164609461202966,1.0
1545,0.1151844650733721,1.0787351939311876,0.0
1546,0.5841141430183288,0.7148201896378515,0.0
1547,1.9878357311496968,1.0494343678816076,0.0
1548,0.1256980070212662,0.9162762049545263,0.0
1549,1.6526168553387401,1.8081277267416458,1.0
1550,3.1111819286212317,2.303772942074565,1.0
1551,2.015900534863947,1.1557773193914145,0.0
1552,2.66293549845996,2.295100932354946,1.0
1553,1.040030094672419,1.1003500369299637,0.0
1554,1.823902459290051,0.9208256885702757,0.0
1555,3.2976920591058967,2.13071020585746,1.0
1556,-0.3638333286888322,0.5045534066914258,0.0
1557,3.0626127277284656,2.037053118566953,1.0
1558,1.9469952560652346,0.8745681023898386,0.0
1559,3.5478770261932304,2.3203431276546604,1.0
1560,2.5174317259809316,2.2571925237210153,1.0
1561,2.383411688443146,1.988462902387709,1.0
1562,3.3370295869984075,2.415910340482249,1.0
1563,-0.04704838458701177,1.0426840988957917,0.0
1564,2.5993781211141527,2.0938533130459236,1.0
1565,1.225593113124621,0.9260138942184828,0.0
1566,1.9805879157289838,1.8306934479422188,1.0
1567,2.0722376077705134,1.2517445967509022,0.0
1568,0.49510310871267993,0.9441975115134182,0.0
1569,2.615701584705576,2.098139882944532,1.0
1570,3.756934829468995,2.3839781218672162,1.0
1571,1.4457559607743953,0.7456053024182179,0.0
1572,2.9565567487164657,2.185683307001654,1.0
1573,1.4122086338598576,0.9248784813682169,0.0
1574,0.6871510773284246,0.6824160278999516,0.0
1575,3.629250540956229,2.4147179605966236,1.0
1576,2.4458502479723894,2.2344690387713575,1.0
1577,2.8627682603680844,1.6999785362476576,1.0
1578,2.162139819670678,1.4890687525489938,0.0
1579,0.7928070662983518,0.9025735941289965,0.0
1580,3.066812692502946,1.9241091622648203,1.0
1581,0.7989978060649102,0.910190917547217,0.0
1582,0.57735021469997,1.0129406751255186,0.0
1583,2.798772553970443,2.0814014463484503,1.0
1584,0.0861232999839735,0.8623672393866868,0.0
1585,0.973351072282931,0.9816899247377056,0.0
1586,1.4243935583739915,1.1565323531200489,0.0
1587,0.7101990431170917,1.043660430361839,0.0
1588,3.260386908897847,2.2194300663106623,1.0
1589,2.204053678286223,1.619405576898124,1.0
1590,3.168542992688013,1.8463648857087323,1.0
1591,2.7105187178369725,2.235017168292342,1.0
1592,3.0384012415770534,2.5141691521450724,1.0
1593,3.1142070075629635,2.574018927384465,1.0
1594,0.6803489380444683,1.2533279139919102,0.0
1595,3.567065580530304,2.350540948395354,1.0
1596,1.5953523460968717,1.76635465646071,1.0
1597,0.20742037693694215,0.22223601394348236,0.0
1598,2.745807881327204,1.8294811409587513,1.0
1599,0.3175440044789546,1.1208859036111838,0.0
